Index,Target
12497,1
38600,1
51721,0
49001,1
23153,1
32838,0
52595,1
40977,0
38138,0
1730,0
12851,1
18351,1
49798,0
37728,1
42086,0
43356,1
8129,1
19518,1
29259,0
17004,1
35185,1
14088,0
29552,1
11160,0
26765,1
54355,1
34953,1
10734,1
51150,1
49558,1
32374,1
8346,0
26913,1
45260,1
12125,0
19150,1
32273,0
27160,0
27855,0
12081,0
44190,0
16837,1
18956,1
32311,1
1538,1
53632,0
16374,0
51300,1
3388,1
51202,0
12281,0
19537,1
50208,0
32309,0
11342,1
42259,1
42482,1
39715,0
6024,1
26778,1
39548,0
50393,0
45634,0
38386,0
22615,0
23210,1
38618,1
31032,0
1638,1
32949,1
33892,1
6047,0
7014,1
24892,1
7206,0
22813,0
10485,1
30286,1
44719,1
1466,1
36419,1
44876,1
19074,1
1783,1
49246,1
26210,1
18419,0
40432,0
24128,1
383,1
5403,1
11437,1
50673,0
40740,1
50307,1
49631,1
26433,1
30565,0
17937,1
37898,1
47702,0
53225,0
46210,0
51765,0
8639,1
11667,0
28888,1
30441,0
12289,0
39665,1
42653,1
54652,1
55353,1
13372,1
16305,1
5302,0
45588,1
16014,1
49692,1
47920,1
28451,0
4702,0
15473,1
29849,1
43124,1
22702,1
2271,0
52274,1
37708,1
34530,1
42507,1
26971,1
45306,1
16643,1
52306,1
9039,1
54899,0
4639,0
51803,0
39026,0
13326,1
51488,1
21003,1
53178,1
15368,0
40837,1
49685,1
36813,0
10681,1
44282,1
29970,0
55710,1
29289,0
26773,0
21463,1
28806,1
18902,1
5529,0
24234,1
52980,1
12626,1
41368,0
43956,0
51219,0
52414,0
9323,1
8761,1
39429,1
21257,1
12563,0
53121,1
5656,1
43407,0
35744,0
39529,0
17768,1
29159,1
29867,1
26872,1
2495,1
45818,1
3020,0
19559,1
53571,1
38312,0
52665,1
44612,0
8865,0
25453,0
35969,1
13834,1
40361,1
13267,1
44057,1
49536,1
2997,1
9896,0
6507,1
37814,1
48905,1
37774,1
52400,1
4056,1
45940,1
12540,1
25072,1
14976,1
45562,0
6843,1
3920,1
54331,0
32306,0
14650,0
1217,0
16345,1
51975,1
32668,0
38924,0
2437,1
4215,1
26183,1
42420,1
45488,0
52921,1
45929,1
41884,1
41722,1
450,1
15005,0
13214,0
17690,0
46575,0
11362,0
26628,1
17887,1
54118,0
34290,1
13738,0
13029,0
38825,1
20715,1
33021,1
14545,0
12287,1
35428,0
41243,1
6814,1
39280,1
51519,1
17527,0
887,1
39669,1
36380,1
37060,1
31914,1
22676,0
5661,0
41287,0
55537,1
27733,1
9697,1
13453,1
15528,1
10524,0
32960,0
30892,1
1522,1
45220,0
1578,1
51677,1
21954,1
4033,0
28523,0
3115,0
9567,1
21377,1
11566,1
8027,0
25716,0
17265,1
30954,1
51260,1
31023,0
45800,1
9900,0
45812,0
39568,1
28232,0
7719,0
1766,1
12506,1
30183,0
23220,1
36511,0
10036,1
1190,0
37366,1
3274,1
32257,1
47568,1
16791,1
24238,1
50185,1
4890,1
50850,1
23330,1
52565,1
9173,1
10172,1
47957,1
39147,1
22168,0
17221,0
51629,1
44818,1
20639,0
45219,1
52382,1
49237,0
13514,0
36090,1
35159,1
52249,1
42390,0
35556,0
45797,1
28894,1
42958,1
3495,1
47081,0
21511,1
19802,1
27938,0
50240,0
14219,1
44713,0
4193,1
9840,0
20202,1
28259,0
48228,1
1574,1
25487,1
54281,1
11613,1
16696,0
39621,0
49378,1
20901,1
42861,0
25096,0
51920,1
21354,1
48607,1
49374,1
20116,1
16712,0
43932,0
37178,0
18910,1
44261,1
5712,1
10766,0
6824,1
1159,0
11326,1
28465,0
5855,0
27814,0
17954,1
28246,1
11697,1
5271,0
14619,1
22450,1
41546,1
38722,0
11292,0
39516,0
35210,1
23098,0
14473,1
9400,0
18640,1
34329,1
39021,0
4740,0
43146,0
49131,0
43293,1
4835,1
39199,1
24497,0
1208,1
37255,1
22848,1
993,1
27370,0
45718,0
53291,1
44965,1
9274,1
44557,1
48385,1
18558,1
33801,1
34268,1
43456,1
17099,1
49417,0
13140,1
5338,1
28884,1
2094,1
50591,1
49429,0
23810,0
50622,1
53020,1
32534,0
51403,1
8855,0
24831,1
38302,0
31615,1
29032,1
11608,0
1097,1
33096,0
19738,1
21608,0
10779,1
21288,1
15013,1
24934,0
26582,0
26712,1
43559,1
381,1
46453,0
31705,0
9318,0
51549,1
32852,0
25790,0
26049,1
7250,1
9257,0
13301,0
8776,1
33023,0
37825,1
36481,1
3678,0
27017,0
25098,1
46323,0
1310,1
24727,0
1924,1
29390,0
39203,1
24731,1
6224,0
15883,1
30244,1
24329,0
25405,1
35615,1
26119,0
24924,0
49258,0
46482,1
5200,0
40378,1
16383,0
54716,1
53033,0
52629,0
6691,1
39692,0
21848,1
55548,0
49326,0
18814,1
49063,0
5869,0
45432,1
22655,1
9609,1
30211,1
10794,1
40256,1
2599,1
27247,1
9326,1
44018,1
6738,1
31442,1
389,1
34455,1
18447,1
5636,1
3881,0
49648,1
26976,1
31786,1
5937,1
6368,0
7208,0
31995,1
21820,1
11425,1
29673,1
44563,1
37332,1
18852,1
53509,0
51741,1
23549,1
41249,1
51178,0
14608,0
27617,1
2134,1
53597,1
43429,1
9572,1
52,1
31221,1
1441,1
46877,0
52437,0
22314,1
22223,1
25311,1
17875,1
31692,1
8096,1
22993,1
17029,1
23314,1
54041,1
28812,1
26617,1
5005,0
37169,1
10848,0
25027,0
55503,0
38020,1
33565,1
50170,0
30813,0
21319,0
53718,1
16232,0
40988,1
54444,1
43630,0
49062,1
5572,0
27438,0
32984,1
37641,1
9711,1
22698,1
23905,1
10921,0
15684,1
14908,1
14673,1
13710,1
18019,1
35436,0
28658,1
43743,0
13020,0
43413,1
1927,0
54362,1
53940,0
4556,1
46267,0
4858,0
34167,0
24274,1
39443,0
1896,1
42247,1
52073,0
33377,1
11560,0
15636,1
48601,0
19046,0
17874,1
1348,0
19047,0
25159,1
3890,1
14933,0
14159,0
13369,1
43301,1
6839,1
9849,1
31464,0
8275,0
54396,1
3997,0
6004,1
34727,0
46228,1
10617,0
18828,0
9107,0
47070,0
39390,0
4954,1
16633,0
45012,0
35259,1
48021,0
36452,1
11929,1
47229,1
47326,1
26413,0
32886,0
51860,0
54366,1
25909,0
51421,1
50640,1
11404,1
15866,0
50701,0
30446,0
19100,1
35650,1
32523,1
49994,0
11492,0
21133,1
21163,0
10599,1
42021,0
53163,0
51426,1
21482,0
27754,1
14044,1
46585,0
720,0
1068,1
29934,0
21711,1
50663,0
49266,0
41879,0
27093,1
12220,0
40191,1
54816,1
53900,1
6730,0
40609,1
33723,0
27102,1
43255,1
47670,0
13842,1
34146,1
45388,1
12907,0
38780,1
51475,1
20316,0
35254,1
43962,0
42893,1
24033,1
31341,1
47581,0
1759,0
29502,1
27408,1
20772,1
35253,1
8928,0
40073,0
27773,0
21886,0
7539,1
21210,1
28289,1
17866,1
20131,1
29572,1
40185,0
32292,0
1289,1
7050,1
23137,1
41613,1
11545,1
26683,0
37150,1
10717,1
54405,1
16322,0
42836,0
46558,1
27699,0
9177,1
31579,1
48505,1
50810,1
12185,0
33313,0
41754,0
1625,1
36901,1
39039,0
46616,1
15891,0
51510,1
24415,0
13874,1
31646,0
47842,0
28881,1
46406,0
16389,0
28200,1
4990,1
35993,0
22226,0
10550,1
54682,1
26790,1
18679,1
3284,1
34954,1
31166,0
30399,1
27802,0
8580,1
38309,0
7202,1
49930,1
23660,0
10143,1
53434,1
46197,0
32115,1
9144,0
28684,0
37384,1
15072,0
25420,1
2589,1
47258,0
54134,1
41289,0
45836,1
52756,0
52288,0
3170,0
31687,1
36269,1
214,1
49518,0
22592,0
10932,1
25384,1
27475,1
11950,0
45692,0
41642,0
49620,1
2584,1
48824,0
4518,0
48695,1
17460,1
12198,1
17972,0
36394,1
40227,0
6069,1
12566,1
36387,1
1870,0
27951,1
28326,1
1872,0
50031,1
37430,0
40709,0
46891,1
27722,1
5450,0
16398,0
51623,1
33357,1
11061,0
47966,0
346,0
21889,0
47990,0
25613,1
25857,1
5490,0
10003,1
28278,0
33756,0
7267,1
31213,1
12517,0
5742,0
40093,0
48708,0
14298,1
30149,1
10562,1
30390,1
47299,0
9122,0
7826,0
11261,0
44140,1
30981,1
37145,1
49627,1
14948,1
5773,1
52810,1
18379,0
6023,1
8412,1
18913,1
54410,1
31874,1
41123,1
43882,0
38112,1
7214,0
53771,1
5771,1
40494,0
591,1
46889,1
29888,1
4986,1
195,1
20966,0
13159,0
16015,1
20552,1
14022,1
7505,1
47010,1
27687,0
32113,0
46792,0
23489,1
14222,1
10857,0
31852,0
14625,1
16584,0
10673,1
24261,1
13618,0
39705,1
657,0
37456,0
51435,0
31386,1
47543,0
22581,1
22440,0
18432,0
19973,0
46771,1
34169,0
41818,1
53423,0
9914,1
50999,1
15765,1
16332,1
14083,1
51791,1
21460,0
48026,0
24550,1
4536,0
40264,0
45632,0
39840,0
1644,1
31325,1
46395,0
47072,1
30891,1
51006,0
10008,0
29823,1
25263,1
46041,0
11137,1
48173,0
8616,0
36601,1
9378,1
9629,1
28631,0
11724,0
51937,1
45391,1
3700,0
35779,1
15516,1
39518,1
36949,0
49517,1
37751,1
47158,0
3542,1
43791,1
1214,1
43298,1
2563,1
32097,1
34610,0
21804,1
17702,1
55231,1
34863,0
45622,1
54657,0
53108,1
37703,1
30775,0
48753,1
51816,0
25959,0
8778,0
45969,1
3228,0
17938,0
38684,1
32004,1
47853,0
25864,1
46245,1
30527,1
29711,0
16555,0
36007,1
50646,1
46170,1
31681,1
15591,0
19916,0
52157,0
49074,1
40323,1
20332,0
30043,1
30990,1
36370,1
15307,1
5192,1
40789,0
22640,0
26568,1
51313,0
39933,1
27418,1
9845,1
23152,1
27726,0
29735,1
22282,1
51428,1
40092,1
50525,0
23826,1
20093,1
22293,1
40103,0
42845,1
47700,0
55091,0
39723,0
15155,1
14217,1
20101,0
51305,1
5252,1
17965,1
36239,1
3793,1
28679,0
23464,1
6284,0
26871,0
49936,1
22824,1
43000,1
11102,0
31470,1
29397,1
36573,0
50406,0
15587,0
26024,1
47945,1
36480,0
7800,1
4531,1
40502,1
29283,1
9718,1
21597,1
47802,0
40275,0
15903,1
27254,0
25502,1
32686,0
26050,0
39961,0
50020,1
49480,1
5840,1
37811,0
13955,0
6508,0
8913,0
40939,1
24862,1
4349,1
9922,0
15151,1
17708,0
33722,1
28101,0
31594,0
44680,0
38175,1
52034,0
12014,1
31154,0
10750,1
27002,0
15453,1
51604,1
5931,0
21396,1
22270,0
32747,0
10865,1
47768,1
51863,1
52918,0
15519,1
5249,1
52622,1
4537,1
33410,1
9138,0
39437,1
44354,1
26830,1
30239,1
28582,1
3788,1
8416,1
28092,1
45908,1
37365,0
5,1
10852,0
35407,0
12484,1
1387,1
21405,1
45642,1
6355,1
8937,0
25024,1
39018,0
15466,1
38697,0
42233,1
27223,0
6337,1
19155,0
16513,1
5494,0
27354,1
42429,1
13136,1
10088,1
54356,1
39984,1
25593,1
50173,1
1489,1
17873,1
32672,0
18343,1
10836,1
2741,1
425,1
27098,1
8887,0
12009,1
54056,0
54234,1
22327,1
16602,1
41556,0
7297,0
42100,0
2767,1
29327,1
28689,1
40371,1
45724,1
25577,1
42374,1
39316,0
52626,1
54038,0
8444,1
41680,1
14570,0
1238,0
30092,1
53734,1
25548,1
52407,1
112,1
5180,1
41021,1
34840,1
12486,1
30483,1
20793,1
19877,0
2299,1
10816,0
54059,1
36345,0
45139,1
38963,1
2994,1
53439,0
2639,1
15149,0
16360,1
46726,0
3306,1
9223,0
52716,0
2857,1
12767,1
25188,0
55197,1
52158,0
7581,0
31842,0
2019,1
35820,1
23520,1
44172,1
48153,1
34668,1
39411,1
29996,1
55412,0
50367,1
20928,0
7583,1
8008,1
40247,1
34371,1
44272,1
8585,1
3564,0
565,0
31067,1
48182,1
53745,1
42138,0
52101,1
20659,1
37758,1
32139,0
13793,0
3667,0
39250,0
43627,1
32283,0
23419,1
24641,1
28919,1
9865,1
47119,1
10354,0
35602,1
27300,1
48706,1
8281,1
7080,0
13030,0
51543,1
38572,1
18449,0
44048,1
35909,1
5110,0
54625,0
14624,1
24480,0
28499,1
15607,0
3118,0
19563,1
12562,0
10544,1
34776,1
17551,1
41932,1
23051,1
1501,1
25186,1
39431,1
35067,1
7435,1
43415,1
6000,1
32969,0
27296,0
47190,0
41405,0
11249,1
45187,1
39124,0
41904,1
20871,0
31618,0
5788,0
19436,0
28375,1
1043,1
45965,0
5600,1
13877,1
54601,0
2717,1
39747,0
39957,0
31258,1
43057,0
13141,0
34309,0
20627,1
6298,1
1167,0
43436,1
38457,1
271,1
18342,1
32124,1
46495,1
22963,0
18844,1
32118,0
35666,1
46039,1
31858,0
19045,0
11517,0
37182,0
31016,0
54695,1
863,1
14932,1
29150,1
37735,1
48549,0
6478,1
8306,0
34787,0
41715,0
1556,1
27783,1
32818,1
18612,1
21567,0
31554,1
43430,1
34992,1
26458,1
17759,1
51388,1
34141,1
21019,0
19777,1
46718,0
25063,1
14047,1
55290,0
26191,0
30777,0
52977,1
11077,0
37582,1
3477,0
38155,1
30351,1
37785,1
28653,1
12264,1
12156,0
18906,1
16233,1
39358,1
17245,1
38650,0
6990,1
2391,1
36417,0
19466,1
34405,1
52659,0
23450,1
48534,1
7589,0
6542,0
31130,1
27131,1
18497,1
23354,1
34121,0
52561,1
5528,1
50255,1
45055,0
38285,1
50616,1
1627,0
3453,1
36161,1
42630,1
52637,1
41144,0
24461,0
17812,1
38832,1
42975,1
31713,1
47600,1
15971,0
2408,1
31179,0
16136,0
40514,0
38435,0
17790,1
17517,1
40794,0
23241,1
24119,1
43788,1
32063,1
39985,0
48483,1
30558,0
36579,0
55631,1
3540,0
36710,1
33983,0
54189,0
6460,0
25409,1
34641,1
10849,0
8712,0
29510,1
41685,0
54938,1
27045,1
21047,0
13798,1
12940,1
45867,1
35843,0
41128,0
26659,0
51570,1
10685,0
50417,1
51268,1
697,0
51792,1
21459,0
7884,1
7114,0
23390,1
7704,0
25810,1
3283,1
54853,0
26690,1
53063,1
32816,1
34716,1
45303,0
45679,1
18125,0
23601,1
33076,1
35143,1
23394,0
25363,0
28991,1
42278,1
1332,1
52492,0
22955,0
23296,1
11987,1
38319,1
10280,1
25199,0
24940,1
35113,1
38764,1
6068,0
17493,1
42790,1
27712,1
11918,0
10765,0
5371,0
12248,0
20432,0
19271,0
25109,1
9317,0
12582,1
10399,1
35044,0
51694,0
38813,0
11508,1
46442,1
28419,1
42109,1
10161,0
9019,0
8106,1
53013,1
18445,0
48157,1
49388,1
38458,1
31977,1
44867,0
9753,1
15784,1
19437,1
22960,0
1842,0
14738,1
45525,0
8838,0
27384,0
41114,1
51964,1
34009,1
55481,1
46153,1
32673,1
41215,0
9743,1
1902,0
17808,0
51509,1
9507,1
5219,1
48198,1
2675,1
54297,1
47181,0
36219,1
10954,1
4343,0
24675,0
31358,1
45056,1
14195,1
1756,1
3463,0
17488,0
17715,0
22669,1
53060,1
10711,0
22994,0
30234,1
2404,1
28286,1
17893,0
36140,0
29219,1
40453,0
50649,0
31785,1
24895,0
11622,1
4779,1
54923,1
34131,1
46823,0
21683,1
20777,1
16936,1
6025,1
24865,0
54825,0
31949,0
33294,1
35297,1
51668,0
22543,1
3709,1
5086,1
11528,1
5376,1
24770,0
24380,1
49277,0
4311,1
23349,0
24313,0
47739,0
42529,1
25154,0
51611,1
10529,0
12491,0
5387,1
27232,0
19231,0
29365,1
48034,0
29989,1
32,1
9240,1
51767,1
24187,0
50131,1
52147,1
29188,0
25001,0
27648,0
5172,0
15996,1
39835,1
49214,1
7882,1
50496,0
34556,1
17458,0
8994,1
21727,0
4380,0
51450,1
27396,1
21388,1
25808,0
51382,0
43820,1
29236,1
36614,0
53624,1
8632,1
43062,0
33373,1
29528,1
6916,0
8847,0
45074,0
49110,0
31172,1
49495,0
19601,1
5462,1
1352,0
835,1
36663,1
45499,0
9067,0
45669,0
12569,1
14900,1
2053,0
15567,1
38781,1
39180,1
46237,0
11204,0
21743,0
50549,1
15477,0
25266,1
27480,1
34247,1
21058,1
21344,1
51900,0
54242,1
6095,1
18059,0
45711,1
491,1
9142,0
44948,1
40557,0
42269,1
11730,0
44765,0
28456,1
36153,0
17088,0
51886,1
5204,0
40872,1
30157,0
16057,1
22913,0
10873,0
51891,1
21176,1
29179,1
1102,1
40181,0
4605,0
5614,0
16191,0
30735,1
47962,1
13328,0
38504,1
48804,1
6587,0
21335,1
39683,1
54916,1
24095,1
20009,1
4574,1
15531,1
36500,1
8852,0
47664,0
49160,0
3078,0
35148,1
31330,1
28183,1
27762,1
17671,0
43731,1
47238,1
22480,1
23010,1
43935,1
41807,0
38891,0
45880,0
48221,0
43878,1
42487,1
48117,1
34870,1
866,0
29843,1
52652,1
32842,1
53586,1
17380,1
20899,1
6638,1
30101,1
48833,0
12990,1
27426,1
43426,0
3702,1
10019,1
55210,0
483,1
55403,1
7362,1
3621,1
25474,1
44907,1
6158,1
53241,1
31732,1
46388,1
44135,1
40055,1
12325,0
10109,1
32029,1
23956,0
29049,1
39704,1
48104,1
25948,0
24494,1
32806,1
11574,1
22841,0
17022,1
8198,1
46035,1
24696,0
23742,1
44603,0
13217,1
8434,1
28511,0
42441,1
38249,1
23402,1
48397,1
13057,1
53669,0
36433,0
16607,0
17798,1
51173,0
5128,0
12539,1
43606,1
36240,0
37124,1
25534,0
15745,0
40570,0
44481,0
17882,0
44861,1
9304,1
7993,1
6341,1
35271,1
44635,1
21641,1
42935,0
25723,0
40883,1
14074,0
49813,0
49973,1
42032,1
16285,1
37642,0
32724,1
52039,0
32841,0
44892,1
53870,0
43997,0
24514,0
27794,0
53262,1
22024,1
38565,0
1907,0
47996,0
42558,0
26080,0
49875,0
34266,0
8547,0
20665,1
43151,0
53384,1
23909,0
923,1
28804,0
23679,1
5874,1
53516,1
25296,1
25256,1
53805,0
47835,1
51158,1
55073,1
41362,0
1131,1
35441,1
39484,0
33186,0
37752,0
15342,0
33293,0
6974,0
11936,0
49676,1
7474,0
34590,1
24183,1
16883,1
35835,1
46554,0
29534,1
11398,1
8164,1
28160,1
26957,1
6223,0
45477,1
40433,1
5887,1
18501,1
49116,1
45732,1
19902,0
15218,1
37526,1
21109,1
37331,1
11302,1
49095,0
4957,1
23123,1
22291,1
55602,0
17180,0
38127,1
48151,0
51093,1
23001,1
13692,1
3406,1
7397,1
23441,1
1666,0
46867,0
39521,1
39394,1
43583,0
28918,1
35633,1
25530,0
15744,1
1294,1
9576,1
46107,0
54735,0
22432,0
14056,1
46268,0
28512,0
29571,0
40312,1
928,1
51522,0
15032,0
50368,1
28209,1
32408,1
46813,0
22916,1
36139,0
53828,1
18243,0
15997,1
53103,1
42894,0
53792,1
18010,1
14081,0
9267,1
1037,1
31738,1
8220,1
23323,1
25619,0
3289,1
31472,0
47177,1
18048,1
20412,1
38434,1
50734,0
7477,1
48786,0
18976,1
28842,0
20964,1
54939,1
54523,0
51915,1
22406,0
39649,0
43699,0
7293,1
2637,1
38291,0
19605,0
38716,1
17051,1
2811,1
33599,0
21374,0
26796,0
53342,1
13701,1
47911,1
34480,0
4522,1
17639,0
25849,0
47537,0
53759,1
5340,1
13368,1
18712,0
37056,1
13597,1
11509,1
39427,1
1447,1
4393,0
44502,0
37390,0
26837,0
5741,1
51561,1
48246,1
18842,1
32164,1
3131,1
44344,0
46610,0
41870,0
34617,0
25554,0
21920,1
52520,1
10432,1
37929,1
7641,1
46069,1
43417,1
7027,1
7163,1
31432,1
4007,1
53744,1
18366,0
23977,1
13691,1
49560,0
43974,1
3180,1
25884,1
31201,1
12684,1
55399,1
20369,0
29485,0
23518,1
7620,1
17823,1
15059,0
11753,1
47335,0
42737,1
46732,1
35056,0
33853,1
6682,1
40051,0
49519,1
27740,0
5745,0
658,1
12855,0
43276,0
28431,1
4062,1
54351,0
3686,1
40773,1
33200,1
41223,0
30514,1
51802,0
2135,1
29374,0
46516,1
31627,0
54123,0
32564,1
33574,0
45668,1
48763,1
39058,1
43212,1
46013,1
11863,0
11476,1
33766,1
53164,0
48845,1
17985,0
16129,1
54674,1
43485,1
4275,1
6629,1
13620,1
50700,1
48025,1
11949,0
23222,1
8475,0
14242,0
8161,1
44779,0
52859,1
3873,1
2999,0
26962,0
28816,1
42068,1
23562,0
45440,1
54188,1
39877,0
16794,1
40170,0
1119,1
21447,1
38108,0
39831,1
9642,1
24109,0
23675,1
19209,1
51927,0
49078,0
35086,1
4071,1
5154,1
28719,1
27099,0
27727,0
14144,1
43869,0
38189,0
47688,0
13622,1
17530,0
3506,0
8187,0
2002,1
35102,0
13932,0
474,1
47560,1
28786,0
15648,1
40198,1
9517,0
7158,0
36128,1
1317,0
53380,0
19068,0
12713,1
26269,0
29176,0
38623,1
20898,0
15873,0
54133,1
46741,0
6537,0
3991,1
8305,0
36971,0
38973,1
20555,0
2190,1
14540,1
49452,1
15923,1
12579,1
36847,1
40875,1
32312,1
46413,1
46488,0
44375,1
4580,1
55356,0
3837,1
26208,1
661,1
17295,0
26348,1
11662,1
1660,0
7035,1
43579,0
40906,0
39320,0
54033,0
3553,0
10918,0
518,1
37932,0
20673,0
30655,1
2290,1
49831,1
9888,1
38563,1
28076,1
54353,0
18713,1
53165,1
55308,0
5484,1
46991,0
466,0
17047,1
38267,1
31259,0
16431,1
53962,0
26102,0
46820,0
22013,1
37783,1
51913,0
33993,0
50300,1
8914,0
19934,1
48493,1
51921,1
27210,0
27647,0
2515,1
132,1
37472,1
31822,0
9045,0
23979,1
25957,0
39749,0
34161,1
38598,0
16346,0
16368,0
12174,1
28125,0
2917,1
54796,1
38705,1
14441,1
6640,0
1989,1
19076,0
53616,0
50189,1
29417,1
41392,0
4758,1
50606,1
43525,1
19120,0
41535,1
9454,0
32153,1
11554,1
20795,1
559,1
39591,1
28103,1
13153,1
6118,0
50383,1
35618,1
33063,1
13643,1
54606,1
44121,0
52783,1
1831,1
51636,1
10343,1
8525,0
110,0
45801,0
21132,1
7604,1
45271,0
27201,1
1479,1
36764,1
1055,1
17722,0
8707,0
44488,0
36159,1
22038,0
10414,0
54295,0
39051,1
35456,1
24408,1
29277,1
7558,1
54336,0
42020,1
36564,1
37055,0
14713,1
17481,0
54433,1
47629,1
25357,0
26077,0
6721,1
12255,1
15458,0
13632,0
50698,0
27227,0
19008,1
2381,1
18410,1
9940,1
25367,1
1820,0
14148,0
13434,0
11974,0
20965,0
39744,1
25913,1
8184,1
53326,0
55402,1
15124,1
7852,1
43683,0
28957,0
11094,0
22175,0
33170,0
53455,0
36892,1
21355,1
35527,1
3885,0
2166,1
6579,1
54195,1
19253,1
16157,0
13072,0
34794,1
48261,1
28388,1
51665,0
16397,1
958,0
2613,0
40143,0
13507,1
17884,0
12624,1
20257,0
31262,0
11817,1
32245,0
2108,0
48471,1
53404,1
46319,0
46079,0
33082,1
34570,1
4679,1
22065,0
44823,0
52069,1
5198,0
9118,0
22302,1
51084,1
34639,1
29967,0
49750,0
22720,1
23869,0
31494,0
25734,1
23282,0
19525,1
53352,0
24129,1
39670,0
2443,0
29761,0
28691,1
49675,0
33594,0
52357,0
39269,1
4965,1
15944,1
40316,0
14274,1
2326,0
48969,1
9278,0
23609,0
46387,1
6070,1
16580,0
55166,1
15273,0
43845,0
50193,0
36395,0
35408,0
11506,0
51235,1
45237,1
13900,1
22138,1
22262,0
51368,0
39581,1
17131,0
38425,0
41361,1
32597,0
36381,0
42696,1
54702,0
4067,0
20826,0
22491,0
49199,0
52985,0
41619,1
5829,1
54375,1
35234,1
26533,0
28622,1
32540,0
25390,1
35378,1
27477,1
29298,1
26455,1
48062,1
55321,1
20604,1
15631,1
19092,1
33613,0
7471,1
4472,0
40770,1
11986,1
45568,1
10990,1
14950,0
15427,0
42840,1
46135,0
9568,1
39037,1
46800,0
19850,1
43657,1
41596,1
5581,1
55105,0
38548,1
43509,0
54772,1
17484,1
37166,0
38551,0
6343,0
12051,0
44176,1
35522,1
31089,1
38829,1
42611,1
47318,0
31367,1
32471,1
9152,1
22093,0
2992,1
9963,1
39489,1
47372,0
842,1
5155,1
47427,1
31622,1
34221,1
29284,1
40612,0
2582,1
6575,0
5791,0
50097,1
45460,0
10044,0
27593,1
34222,0
27018,1
46285,0
10647,0
22572,1
21988,0
12524,1
23783,0
30903,1
7383,1
36119,1
44182,1
34278,1
28591,0
33308,0
11707,1
34302,1
35109,1
55491,1
44343,1
37228,1
50151,0
3865,0
417,1
25260,1
36885,0
3427,1
26689,1
17719,1
2532,0
26145,1
9500,1
55648,0
48210,1
47202,1
40016,0
18317,1
16307,1
42665,0
45743,1
47846,0
53574,0
39101,1
41113,0
42237,1
37682,1
46932,1
51007,0
43011,1
11042,0
29222,1
47154,1
7708,1
7346,1
8956,1
17229,1
40438,0
4177,1
9481,1
49803,1
41876,1
47535,1
33119,0
28086,1
43412,1
15925,1
38909,1
17080,1
8262,1
38842,1
49925,1
40745,1
35098,1
21292,1
18320,0
1494,0
14972,1
47992,0
51753,0
35946,0
33530,1
21788,1
17578,1
1156,0
13909,1
34492,1
39442,0
26038,0
5765,1
53483,1
43621,1
29127,1
10149,1
20677,1
12068,1
52798,1
54445,0
53267,1
14803,1
21911,0
48889,1
4328,1
52472,0
40031,1
32168,0
3609,1
9723,1
44352,0
32478,1
34805,0
37827,1
40631,1
54599,1
28942,1
37591,1
51621,0
36165,1
26559,1
23494,1
4214,0
20311,1
30815,1
16033,0
21042,1
23845,1
40654,1
28924,0
37600,1
49559,1
20274,1
46112,1
48248,1
9673,1
16326,0
2608,1
19279,1
5809,1
24947,0
1087,1
1669,1
44694,0
52211,0
16289,1
8471,1
49781,0
35085,1
17711,1
35763,1
27835,1
39218,1
3929,0
48281,0
4043,0
18709,1
23872,0
32327,1
20936,1
16807,0
14923,1
25119,1
20511,1
41524,1
17672,1
45641,0
5556,1
50143,1
1877,0
8088,0
18524,0
55446,1
30678,0
39700,1
24623,1
25308,0
54526,1
50944,0
22578,1
12242,0
48257,1
55724,0
43053,0
4664,1
37335,1
31105,1
328,1
19564,0
28997,0
21296,0
55168,1
20939,0
39087,0
6624,1
37818,1
27265,0
2658,1
51400,1
14977,1
36341,0
35432,1
43745,1
45202,1
5324,1
12832,1
9132,1
23571,1
12426,0
876,1
52468,0
51686,1
30093,0
8696,0
53670,0
28116,1
33311,0
7210,0
52943,1
22036,0
4325,1
47974,0
8347,1
42707,0
29661,0
22580,1
15334,0
14938,0
24743,0
22673,0
3628,0
46767,1
17858,1
9293,1
46310,1
21795,1
891,1
41669,0
13090,0
8921,0
36000,1
36245,1
25519,0
15843,1
46284,1
18411,0
28243,0
16481,0
25732,0
23770,1
22692,1
6882,1
2938,0
15826,1
38006,0
36160,0
30320,0
37436,1
5974,0
35774,1
30809,1
27271,0
22516,1
36453,0
17224,1
19411,0
32200,1
29265,0
20124,1
31311,1
13181,0
4629,1
37971,1
52332,1
31144,0
10037,1
11615,1
35825,1
13867,1
14964,0
4413,1
21122,1
53168,0
49903,1
32943,0
30751,0
38725,1
52316,1
41381,0
42079,1
21593,1
55457,1
16150,1
47576,0
32342,0
47357,1
6369,1
22358,0
38610,1
35754,0
14418,0
20240,0
31695,1
37957,1
26865,1
16681,1
17531,1
1833,0
39367,0
26089,0
24064,1
28659,1
1850,1
42993,1
9726,1
31746,1
43608,0
19789,1
13105,1
39627,1
32443,1
6415,1
2431,0
35490,1
13899,0
24421,0
53166,1
48866,1
26142,0
33884,1
26200,0
29513,1
35943,1
41623,1
55023,1
1006,1
15485,1
4842,1
44908,0
44878,1
4157,1
48869,0
5049,0
44780,1
23447,1
42899,1
1679,1
25491,1
43073,1
40299,1
13723,1
1443,1
21269,1
50467,1
25689,1
19864,1
41832,0
55524,1
49836,1
39048,0
1312,1
4264,1
49496,1
28644,1
37583,0
47895,0
39240,0
45123,1
5032,1
33873,1
41260,1
39215,1
32000,1
40608,0
35630,0
44521,1
26248,1
20818,1
44428,1
46975,1
24531,1
45154,0
52587,1
3341,1
48323,0
2991,0
50900,1
35588,1
10598,1
18464,0
31160,0
17041,0
45916,0
18163,1
7925,1
54393,0
12510,1
51895,1
31075,0
16201,1
44572,1
49381,1
30983,1
32716,1
29724,0
6316,0
14617,1
49763,1
18314,1
8568,0
7187,1
55580,0
8859,1
16320,0
36440,1
10558,1
40628,1
53514,0
19585,0
38327,1
52709,1
16022,0
53939,1
15966,1
4703,0
8725,0
45907,1
30456,0
14500,1
30482,1
55368,1
2647,1
32895,1
19955,0
8018,0
46536,0
44106,0
10966,1
29672,1
26157,0
38965,1
15487,0
13885,1
20708,1
43345,1
52026,1
7587,1
38711,0
35391,1
24832,1
23542,0
37800,0
24084,1
23226,0
34634,1
1952,1
32787,0
52750,1
27369,1
20614,1
16970,0
33474,0
44854,1
51897,0
3815,1
8614,1
36077,1
38814,1
21181,1
7196,0
22501,1
55157,1
41548,1
4913,0
4390,1
44418,1
26301,0
8895,0
3210,1
34035,1
26110,0
9807,0
30038,1
39768,1
28059,0
32956,1
22148,1
16525,0
40228,1
37912,1
40493,1
17480,1
9347,1
1195,1
27257,1
826,1
14718,0
37467,1
4860,1
53663,1
37416,0
19499,1
28069,0
36214,1
30908,0
46449,0
25890,0
52055,1
46806,1
40226,0
41917,1
34774,0
39473,0
36929,0
28777,1
86,1
54376,1
50266,1
31573,0
52029,1
28496,1
12331,1
10957,1
5536,1
16601,1
47230,0
35935,1
46367,1
37606,1
12520,1
5654,0
19012,0
44792,0
13510,1
8663,0
26420,0
22105,0
4857,1
21402,1
52739,1
37402,0
39143,0
35477,1
15391,0
20744,1
35708,1
32681,0
35926,1
35169,1
49967,0
8908,1
41857,0
37663,1
8000,0
7710,0
42925,0
8064,0
39992,0
6551,1
48732,1
2598,1
36662,0
17514,0
7454,0
35806,0
32793,0
9373,0
9082,0
36350,1
24432,1
16987,0
22229,1
8029,1
55355,1
28212,1
1010,0
5089,0
5039,0
3459,1
13647,1
48681,1
17670,1
16663,0
15207,0
52436,1
47485,1
461,1
50706,0
7862,0
22274,0
40816,1
18365,1
20718,0
15861,1
24190,0
31771,1
22577,0
41430,0
16266,1
12527,0
14952,1
46510,1
19410,0
23936,1
42890,0
97,1
47532,1
51164,1
17138,1
35864,1
27584,1
39805,0
50181,0
37817,1
28280,1
51572,0
16325,1
20132,1
33941,1
20687,0
25375,1
7345,1
28568,0
23100,0
15325,1
7851,1
8510,1
27961,0
38927,1
52209,0
46094,1
25584,0
21812,0
25669,0
21367,1
15302,1
4995,1
47907,0
39252,1
28910,1
19946,0
39803,0
31940,0
8665,1
14629,0
573,1
21494,1
54624,0
49357,1
8970,0
46524,0
16733,1
36293,0
29120,0
18153,0
35342,1
11702,1
23978,1
5393,1
19369,0
27071,0
26482,1
29240,1
29136,0
41308,1
50206,0
6173,0
22419,1
36676,1
3868,1
18728,0
20212,1
6606,0
1162,1
31283,0
15056,1
43958,1
26099,0
892,0
17905,1
50063,1
30943,0
47825,1
9226,1
18921,1
51356,1
53006,1
17828,1
54801,0
53559,0
41648,1
36294,0
50334,0
51168,0
2937,0
1108,1
10533,1
55598,1
41821,0
36720,1
27464,1
23462,1
17903,1
46459,0
43836,0
33447,1
40944,1
52013,1
2956,1
21121,1
12277,0
38109,1
33039,1
49579,1
12585,0
26383,0
12231,1
27055,1
45604,0
44763,1
42717,0
33110,1
8066,0
53181,0
813,0
52409,0
15054,1
283,1
18993,1
1832,1
47432,1
16661,0
47155,1
11704,0
40540,0
50085,0
8716,1
34479,0
20986,1
10217,1
15586,1
55084,1
50636,1
47893,1
50071,0
3850,1
54260,1
52292,1
5639,1
2719,1
26115,1
22337,0
31000,0
15718,0
10021,0
13251,1
30258,1
429,1
6603,1
33944,1
4353,1
54517,0
20849,1
26863,1
189,1
53511,1
5097,1
20973,0
36132,1
39028,0
16202,1
21887,1
2564,0
19893,1
51734,1
7734,0
17649,1
12217,0
19400,1
16951,0
49477,0
50312,1
9005,0
54221,1
30136,0
27076,0
11669,1
42988,1
29262,0
54240,0
49767,1
26720,1
20416,0
16080,0
44244,1
49858,0
12057,0
26120,0
4454,1
14777,1
31185,0
55174,1
30951,0
31684,1
50326,1
52498,0
55111,0
18412,0
41733,1
23947,1
37819,0
4559,0
7242,1
37408,1
22888,0
49227,1
13621,1
21522,0
10169,0
29736,0
38091,0
26070,1
19945,0
18593,1
20143,1
18982,0
37200,1
8324,1
14294,1
4886,1
10758,1
40368,1
6696,1
36932,1
4509,0
21153,1
6956,0
39372,0
28312,1
45268,1
23099,1
41658,1
53243,1
46717,1
39752,0
31833,0
7065,1
39043,0
55339,0
17225,1
3857,0
41921,1
26954,1
30311,1
19457,0
48374,0
15383,0
11946,1
51101,1
47325,0
23650,1
33533,1
12,1
11948,0
52548,1
13083,1
20354,1
7434,1
33823,0
17848,0
8810,0
12294,0
670,0
30749,1
5135,0
30784,1
9856,0
52481,0
13344,1
37577,1
30447,0
29901,1
11693,1
38786,0
51459,1
14848,0
7177,1
40004,1
48961,1
39458,1
38901,1
23004,0
48164,0
28801,0
21656,1
11973,0
41926,1
13120,1
48591,1
29307,1
30432,1
53883,1
38613,1
5446,1
31585,1
55414,0
26273,0
18514,0
49980,1
20214,1
2023,0
3001,1
10757,1
43808,0
257,1
25501,0
32051,1
18073,1
52877,0
14177,1
9133,1
42071,0
4104,1
26479,0
10241,1
14910,0
18422,0
25083,0
31474,1
37996,0
26483,1
11660,1
47411,1
13570,0
12359,0
21299,0
39259,1
15484,0
31156,0
2572,0
34188,1
17797,1
43414,1
24334,0
1161,1
45582,0
11843,0
16037,1
44610,0
1561,1
43304,1
51285,1
10417,1
40306,0
8094,1
7366,0
20695,1
32432,1
11600,1
4834,0
11430,0
54116,0
33116,1
2041,1
28735,0
42028,1
49630,1
3743,0
6100,1
42067,0
29121,0
41307,0
279,0
29175,1
11063,1
52578,1
19681,1
26895,0
7246,0
40442,1
28195,0
44426,1
10150,0
50728,0
30057,0
45147,1
24202,1
50552,1
26978,1
36477,1
43849,1
48701,0
47146,1
43409,0
54426,1
34225,1
25740,1
34549,0
31982,0
43419,0
15976,1
30201,0
18206,1
5946,1
24161,0
13112,0
22285,1
28194,0
22876,0
44703,1
30950,1
4736,0
45061,0
41353,1
19269,1
46920,1
7647,1
49998,0
13561,0
14823,0
4685,0
24404,1
13773,1
45448,0
16031,1
9624,1
49260,0
19354,0
35789,1
275,1
8415,1
23449,0
5814,1
45359,1
47961,0
4008,1
3750,1
39724,1
54884,1
2406,1
45215,1
25490,0
27955,1
46621,1
47,0
40218,1
52299,0
40651,0
21135,1
6662,0
5732,1
43549,0
34390,1
47729,1
46708,1
18480,1
1571,1
12827,1
38329,0
13671,1
32338,0
28377,1
54032,0
55571,1
28231,0
41505,0
2279,0
268,1
54084,0
41231,0
34358,1
8973,0
5314,1
6826,1
31170,1
17040,0
53993,0
5037,1
49005,0
4961,1
477,1
42797,1
38439,1
3552,0
16742,0
26298,0
30761,1
46384,0
26697,1
40012,0
31005,1
6402,0
13183,1
4142,0
7322,0
47636,1
32632,1
9704,1
12070,1
31439,1
29414,1
36999,0
39790,0
36004,0
31750,1
10306,1
55655,0
55096,1
16000,1
55751,1
19192,0
19530,1
24099,1
14945,1
22749,1
28501,0
48652,0
43066,1
2596,0
47030,1
20340,1
17942,1
37995,0
50276,1
4176,1
26004,1
51743,0
9254,1
13318,0
29633,1
34301,1
14365,0
9259,1
54166,0
690,1
43351,0
16542,1
22059,0
52370,0
19290,0
28959,0
40929,0
55253,1
6774,1
31916,0
6226,0
25746,1
31941,1
8879,1
51615,1
36351,1
42000,1
7633,1
23505,0
9877,1
26443,1
10569,1
45710,0
15263,1
14572,0
18382,1
48716,1
49691,1
26253,1
42448,0
32936,0
12065,0
8243,1
19961,1
33872,1
2905,0
27785,1
18886,1
17541,1
3129,1
7694,1
23635,0
47016,1
21909,0
53080,1
42856,1
16678,0
6021,0
4094,1
47767,1
12077,0
37003,0
29403,1
32067,1
26295,1
26897,0
1165,0
15834,0
20953,1
39175,1
19697,1
19569,1
14424,0
43710,0
31979,1
35906,0
22642,1
9364,0
21150,1
31097,0
55376,0
50741,1
47193,0
26217,0
10993,1
36600,1
30083,0
25507,0
54537,0
50972,1
42671,1
36274,1
43188,1
28423,1
54468,1
713,1
29319,0
1589,1
28269,1
2930,1
41185,0
42145,0
24322,1
28891,0
7771,1
53303,1
41942,1
45275,1
1053,0
38560,1
48203,1
13052,0
38803,0
46507,0
13246,1
20719,0
27062,0
13257,0
48599,0
43899,0
42191,1
9412,0
19710,0
43168,0
36470,1
6165,1
4385,0
54842,1
54015,0
53904,1
9758,1
32111,1
23891,1
17947,1
21179,1
35890,1
54130,0
53183,1
46873,1
10648,1
16639,1
16067,0
53285,1
29191,1
53775,0
43637,1
34813,0
4253,0
4101,1
7164,1
49520,0
50184,0
5501,1
43243,1
13042,1
52137,0
21599,1
14353,1
7259,1
27289,1
39823,1
36112,1
13501,0
13093,1
33582,1
24015,1
16631,1
54626,1
38202,1
2954,1
8988,0
4600,1
7730,1
38407,0
1033,0
25853,0
32446,0
52712,1
17868,1
46618,1
9121,1
8986,1
4458,0
44833,1
14722,1
23155,1
50213,0
9858,0
41502,1
20050,0
27864,0
3617,1
3351,0
42814,1
1663,1
44536,0
30860,1
54262,1
32089,1
45522,1
20295,0
37888,1
957,1
19930,1
38652,1
44023,0
39855,1
28081,1
54641,0
52512,1
21832,0
6220,1
42857,0
10390,1
15544,0
23286,0
14858,1
41037,1
53310,1
41895,0
40439,1
28329,1
49954,1
54312,0
10546,1
34519,0
18001,0
33220,0
45334,1
13078,1
1645,0
55205,1
18822,0
40831,0
3407,0
21290,1
51010,0
53145,0
48402,1
734,1
14434,1
5817,1
28498,0
11731,1
52018,1
4778,1
5421,1
34451,0
1959,0
11842,1
1035,1
862,1
50760,0
46129,1
59,1
46956,1
17120,1
987,1
13822,1
50246,1
7327,0
53916,1
44863,1
14014,0
34440,1
37209,1
16645,0
46308,1
25821,1
35048,0
16827,1
21361,0
33225,1
15498,1
47403,1
15413,0
43464,1
37997,0
6114,1
4126,0
12680,0
55034,1
7303,0
7106,1
49122,0
3086,1
55792,0
11459,0
19656,1
740,0
25040,1
17825,0
5029,1
39888,1
25042,1
36028,0
41794,1
20120,1
24995,1
33326,0
45938,0
31881,1
26514,1
41066,0
39455,1
39605,1
30323,0
26749,1
9084,1
2366,1
13286,1
40855,0
36264,1
8489,1
14618,0
12177,1
19652,1
33165,0
4145,1
1567,1
1712,1
46336,1
43140,1
55079,0
44777,1
4143,0
49197,1
33710,0
263,1
53048,0
36412,1
50774,1
42251,1
13121,1
43894,1
46587,0
39623,1
32341,1
36050,0
21237,1
20881,1
18332,0
21276,1
9456,0
19360,0
24974,0
29995,0
3408,0
55226,0
35846,0
55611,0
7637,0
38256,0
24364,0
3149,0
29738,0
28035,1
12708,1
22279,1
29115,1
55469,1
50386,0
9078,1
25447,1
25630,1
13888,0
1295,0
7426,1
6889,0
1796,1
8942,0
18655,0
22645,1
11798,1
2698,1
50569,1
10386,1
37823,1
35270,0
47843,0
8015,1
16529,1
39423,1
29649,1
31042,1
23265,1
34217,1
34439,0
28418,1
29095,1
558,1
37199,0
15988,1
49609,0
34473,1
47575,1
47763,1
40487,1
40167,1
55429,1
52645,1
52707,1
20971,1
41719,0
53127,1
3533,1
35635,0
48432,1
17929,0
14699,1
25337,1
48359,0
47902,1
53157,0
390,1
53643,1
15662,0
27109,0
24560,0
45244,0
41108,0
49827,0
22186,0
9563,1
13611,1
14704,0
46636,0
5406,0
20693,0
46251,0
19936,0
50503,0
12665,0
114,1
53283,1
22077,0
12771,0
34299,0
367,0
47649,1
29922,1
20468,0
29900,1
29130,0
23473,0
7436,1
18815,1
40913,1
44171,0
19894,0
38483,0
33547,0
36076,1
23632,1
27467,0
45624,0
44079,1
28896,0
22792,1
16369,1
43487,0
37248,1
7763,1
38878,1
55438,1
34741,1
51274,1
21195,1
7791,0
33604,1
21514,1
17692,1
23427,1
35081,0
23189,0
41001,1
36658,1
40736,1
27954,0
8318,1
49333,1
45463,1
22571,1
36443,1
41498,1
31981,1
27175,1
11233,1
55448,0
29739,1
7668,1
28650,0
1220,1
42556,0
1026,1
45315,1
15656,1
16753,1
30376,0
10347,1
9026,1
15268,1
39447,1
28774,1
2330,1
5363,1
50697,1
41245,1
4797,1
22786,0
47407,1
33142,0
10449,1
5662,1
17924,1
44749,0
13171,1
14220,1
7893,0
54914,0
7139,1
18173,0
17059,1
23237,1
40140,1
36877,1
39094,1
9870,0
13785,1
10053,1
25517,1
20350,0
19409,0
27211,1
34584,0
6900,1
10783,1
4464,0
31528,1
40865,1
32780,1
23253,0
20596,1
51242,1
14868,1
21165,1
51046,0
1701,0
14623,1
26634,1
50400,0
26848,0
17227,0
47337,0
32967,1
38596,0
13352,1
48032,0
16773,1
35349,0
1742,0
22216,0
53281,1
34655,0
15715,0
14403,1
1610,0
45837,0
22123,0
2970,1
20540,1
32042,1
22553,1
6921,1
50887,1
46390,1
19115,0
41692,0
51507,0
38454,1
55450,1
7009,1
44518,0
2047,1
34686,1
48009,0
4573,0
45579,1
18245,1
13387,1
52356,1
28112,0
44628,1
46657,1
26151,0
28608,1
54762,1
46047,1
55731,1
5237,1
12942,1
26569,1
41042,0
42306,0
14875,1
40420,1
3268,1
2712,0
16890,0
19969,1
40931,0
34642,0
47523,1
5954,1
28281,1
50486,0
25249,0
31748,1
34921,1
38123,1
3136,1
8760,0
32353,0
26705,1
11524,0
8723,1
17883,0
42501,0
26172,0
46476,0
31036,1
40676,1
54709,1
30864,0
36554,1
53230,1
51385,1
49746,1
45184,0
1630,0
20229,1
4504,1
20574,0
9336,1
4354,0
22846,1
8891,1
53288,1
8792,1
7130,0
32211,1
15583,1
26048,0
54783,0
5223,1
38826,1
2858,0
19113,1
2924,1
43447,1
41526,1
31667,0
9184,0
4340,0
43104,1
35089,1
11311,0
27571,0
24899,1
54099,0
9244,1
37168,0
567,1
16118,1
24853,1
17456,1
52369,1
43742,1
36508,0
39964,0
8245,1
21783,1
24309,1
23722,0
22715,1
15968,1
12616,1
22020,0
30265,1
31905,1
32500,0
49284,1
3054,1
35320,0
1978,1
55721,1
51453,1
14472,1
19225,1
7983,0
929,0
2158,1
28984,1
27826,0
27052,1
5606,1
44192,1
42290,0
19086,1
35474,1
8567,1
27708,1
28424,1
41025,1
34808,0
50512,1
1491,1
20488,1
3132,1
18551,0
43950,0
12848,0
46031,0
3903,1
17555,0
2400,1
24760,1
33910,1
26130,1
29968,1
33371,1
52586,0
32122,0
52279,1
8020,1
39154,1
31974,1
13077,0
37360,1
46207,0
799,0
4851,0
44872,0
47880,0
17917,1
15967,0
48713,0
47111,0
16029,1
3655,0
36946,0
36097,1
19562,1
31755,0
24809,0
36437,1
23484,1
52168,0
8558,1
46297,1
40962,1
55342,1
34034,1
7137,1
47743,0
13801,0
17946,0
48018,0
23878,1
36800,1
40063,1
6763,1
19704,1
19823,0
28533,1
11782,1
47941,0
41043,0
47840,1
918,1
33482,1
38473,1
39272,1
45659,1
1284,1
26527,1
18680,0
28567,0
42978,0
20013,1
12584,0
48355,1
50231,0
41282,1
37647,1
40277,1
26431,1
11066,1
2365,0
37726,1
4037,1
41820,1
20394,0
27449,0
41898,0
24529,1
32911,1
10412,1
40080,1
43912,1
23519,0
43186,1
42914,0
52411,0
33849,1
40159,0
16615,0
37466,1
6571,1
45416,1
44074,1
14259,0
52576,0
47480,1
51159,1
54759,1
38098,1
45957,1
31083,0
46992,1
31593,1
11728,1
19899,1
6176,1
33738,1
45344,0
30799,1
20319,1
46946,1
40403,1
41266,1
37136,1
34133,1
9710,1
17851,1
35665,0
11376,1
39023,0
19302,1
22171,1
18113,0
37795,0
9451,0
24936,1
24169,0
21601,1
16365,0
41116,1
43045,1
31498,1
10042,0
606,0
32475,1
411,0
29931,1
28781,1
3589,0
38028,1
43949,1
4980,0
22962,1
52161,0
28266,1
38761,1
37675,1
19984,1
28750,1
51011,1
34978,1
30974,1
38607,1
6948,1
21107,0
44049,1
21710,1
39033,0
54849,1
9551,1
28042,1
7864,0
43421,1
5184,1
42375,0
12583,0
40237,0
19359,1
52455,0
6746,0
29962,1
54683,1
9386,1
29261,0
11161,1
26270,0
17767,0
31031,1
2762,0
11620,0
7255,0
12707,0
46503,0
48,1
25594,1
1367,1
38452,1
15911,1
44841,1
24118,1
48420,0
37079,0
54636,0
6351,1
20762,0
1018,0
7048,0
29920,1
1431,0
52807,1
27636,1
45870,1
48217,0
43374,1
22933,0
30018,0
35360,0
45747,1
41553,0
36353,1
18935,0
14774,0
94,1
25191,0
43540,0
49590,1
40669,0
20061,1
52713,1
30702,1
8140,0
39808,0
4603,1
26642,0
17405,1
2430,0
47107,0
33752,1
25850,1
20135,0
11874,1
34379,0
10314,0
33918,1
24427,0
27279,0
55642,0
7317,0
14368,1
38344,0
39695,1
11196,1
8989,1
35748,0
11054,1
44001,0
41983,1
5035,1
43465,1
9445,0
2877,0
10317,0
41145,1
2133,1
42634,0
20976,1
13669,0
14356,1
21226,0
39944,1
44441,0
16874,1
44196,0
32751,1
50324,1
3251,1
55487,1
46643,0
11886,1
35741,0
46827,1
7877,1
24078,0
12348,0
51091,1
26672,1
4429,1
42432,1
21718,0
10903,0
53849,1
21411,1
7869,1
49196,0
43810,1
51654,0
41352,1
52191,1
4051,0
47878,1
19496,0
10474,0
8009,0
27026,1
10639,1
10884,1
3470,1
34497,1
50423,1
16421,1
11507,0
46541,1
34213,0
10612,1
19757,0
15676,0
23942,0
33595,1
16090,0
18560,0
18168,0
9112,1
53529,1
29350,1
54280,1
18064,1
22857,1
18573,1
44453,1
14874,0
14357,0
2823,0
16530,1
32699,1
5424,1
15461,0
23801,0
44626,0
41767,1
43519,0
12169,1
11411,1
2203,1
6414,0
15287,0
16787,1
47297,0
25636,0
41674,0
3821,1
46976,0
52062,1
32872,1
32874,1
30095,0
43609,1
6953,1
20070,1
43198,1
33831,1
2016,0
7227,1
29125,0
36363,0
1116,1
46899,1
19343,1
8114,1
33664,0
21274,1
53510,0
31068,1
38608,1
8359,0
23278,1
24928,0
11634,1
45270,0
25807,1
41702,0
9381,0
29084,0
40358,1
37741,0
36864,1
51894,1
45979,1
45834,1
18835,1
4697,1
16324,1
34404,0
53622,0
13873,1
10087,0
9491,0
36124,1
52858,0
30084,1
25727,0
48970,1
31636,0
24985,1
12678,0
32384,0
46518,1
30112,0
2193,1
55708,0
20961,1
12075,1
16480,1
22987,0
47206,0
51402,1
52737,1
40446,1
51646,1
20464,1
39717,0
55131,1
9930,1
37710,0
20549,0
2775,1
12365,1
46857,1
27328,0
5576,1
50655,0
38075,1
12324,1
18971,1
25224,1
4055,0
24802,1
20281,0
48197,1
35739,1
9261,0
32316,1
27886,1
19157,1
50444,0
44580,0
39990,1
29701,1
18407,1
17214,0
29457,1
28604,0
45103,1
46865,0
54857,1
11605,0
4951,0
1885,1
12947,1
19619,1
45343,1
6231,1
16349,1
1226,0
37258,0
38296,0
47995,0
43760,1
49141,1
3480,0
30923,0
36179,0
7307,0
1357,0
44463,1
26771,1
27813,1
12370,1
51651,1
21476,0
42143,1
50262,0
19406,1
20489,0
28755,1
27366,1
15480,0
32076,0
32769,0
36917,1
13046,0
12519,1
54793,0
31112,1
47391,1
30437,1
12877,0
9740,0
4072,1
2092,1
9052,1
24638,1
40398,0
43966,0
44764,1
50070,1
5602,1
1769,0
3355,1
23307,1
48877,1
48079,0
33815,1
26898,1
14662,0
26881,0
48255,0
43866,0
549,0
2137,1
45312,1
15920,1
11360,1
51075,1
3905,1
29732,1
18271,0
49910,1
44353,1
48574,1
27170,0
44004,1
38216,1
31672,1
36172,0
3503,1
24429,1
40984,1
520,1
39976,0
33829,1
3765,1
33577,0
25688,0
42167,1
41618,1
41499,1
8739,1
25875,1
46885,1
20601,1
49065,1
38994,1
15215,0
30829,0
35322,0
22061,1
24513,1
36739,0
48237,1
51973,0
29597,1
10477,1
30725,1
49916,0
27315,1
5749,1
33331,1
41018,1
37619,1
7855,1
29400,0
40946,1
33342,0
14592,0
43378,1
5870,0
5065,0
20047,0
36928,0
50520,0
24705,1
15100,1
34718,1
43795,1
15200,1
15027,1
24039,1
25755,0
29936,0
27645,1
17348,0
16781,0
14826,0
32711,0
22368,0
54565,0
38005,1
44902,1
39537,1
18304,0
24592,0
28049,1
21007,0
41262,0
16068,1
17283,0
43789,0
54979,1
17977,1
26350,1
42688,0
14729,1
31193,1
17427,1
11867,0
7052,1
34298,0
17852,1
44911,1
30363,1
27991,0
24999,0
27051,1
28359,0
49992,0
16938,1
29377,0
3030,1
19311,0
41017,1
27895,0
18719,1
4868,1
22369,1
3152,0
42273,0
902,0
51704,1
26516,0
21952,1
25822,1
40269,1
19297,1
39821,1
19827,1
45379,1
14036,1
17462,0
46008,1
27468,1
22336,1
42664,0
1939,1
7736,0
28450,1
8537,0
8530,1
4793,1
34220,0
16899,1
30980,1
14169,1
17383,1
49344,0
16618,1
36456,1
16882,0
3005,0
27718,0
42962,0
11147,0
30460,1
5728,1
40503,1
54633,1
21707,1
17577,0
46003,1
53210,1
38140,0
13207,0
29059,1
33177,1
36469,1
28747,1
37155,0
54412,1
9105,0
32136,0
1797,1
49995,1
33214,1
33229,1
37320,0
49895,1
14138,0
25549,1
37122,0
49924,1
877,0
1336,0
23326,1
4989,1
28821,1
8788,1
32380,1
44599,1
12546,0
12623,0
1157,0
25903,1
34777,0
14011,0
24019,1
22730,1
8962,1
35020,1
29984,0
434,1
17732,0
53914,1
274,0
15068,0
4486,1
9287,0
50102,1
43827,0
13371,1
2305,1
52604,0
449,1
29606,1
21149,1
5255,0
698,0
27678,1
17476,1
20227,1
51584,1
5183,0
29181,1
44575,1
34031,1
9258,1
6731,1
41300,0
53633,1
33923,1
43483,1
42879,1
20241,0
33362,0
2141,0
14337,1
8304,1
6888,0
18736,1
46686,1
39726,0
50264,0
16971,1
4681,1
24889,1
34025,1
47901,1
17018,1
15611,0
44257,0
4972,0
20679,0
9011,0
31739,0
23174,1
6108,1
37404,0
22183,1
38681,0
30071,1
17442,0
32060,0
44036,0
47659,1
14040,1
48058,1
13749,1
3883,1
53886,1
18626,1
28729,1
38508,1
5226,1
7861,1
32729,0
34622,0
16082,0
33671,0
9424,0
24308,1
38,1
582,1
39449,0
7380,0
15501,1
14716,0
33761,1
43824,0
35357,0
33904,1
52214,0
42835,1
34471,0
40017,1
41936,0
4712,1
32783,1
53539,0
30875,0
35070,1
868,0
33780,1
17515,0
24394,0
42838,0
7857,1
37375,0
7437,0
590,1
27348,1
19693,0
11390,1
42633,1
42017,1
15897,0
22244,0
35938,0
50973,1
25969,1
47694,1
22208,0
30713,1
8751,1
27327,0
16656,1
28736,0
27324,1
30800,1
4235,1
38241,1
316,1
6937,1
7773,0
2259,0
10947,1
36444,1
32049,0
24431,1
26755,0
17604,0
19713,1
30481,1
2245,1
45843,0
13011,1
21234,0
26449,0
55211,1
13062,1
839,1
52377,1
24382,0
2875,1
44755,1
37926,1
13000,1
48300,1
50090,1
32238,1
51568,1
11021,0
1733,0
1245,1
48211,1
21690,1
6453,0
33729,1
42439,1
16910,0
3902,1
27409,1
30254,1
20660,1
26956,1
16573,1
36704,1
47591,0
26087,1
1150,1
8352,1
40047,0
21622,0
42636,1
3175,0
31546,0
10620,0
48365,0
50441,0
30123,1
23119,1
27808,0
9509,0
45027,0
32258,0
24920,1
3526,1
55691,1
55319,0
627,0
6533,0
15700,1
24620,0
8983,1
36629,1
43093,1
44330,0
20812,0
26877,1
30627,0
2232,1
16055,1
6488,0
14779,0
6451,0
12142,0
23941,1
31252,1
43326,1
40564,0
18091,1
11331,1
8715,0
14975,1
13061,1
54265,0
5670,1
26041,1
22685,1
45073,0
15598,1
39919,1
52907,0
54423,1
41828,1
36476,1
2964,1
37146,1
34386,0
19477,0
44051,0
26565,0
48095,1
46455,0
21249,1
26909,1
43758,1
53195,1
30832,1
20242,0
40049,1
46561,0
46379,1
53467,1
25877,0
5998,1
44739,1
38663,1
18893,1
25967,1
17168,0
19199,1
42454,1
31448,1
9050,0
55715,1
19740,0
33151,0
30409,0
55757,1
15279,0
3356,0
9570,1
50601,0
37632,0
16561,0
15752,1
27114,0
12106,1
10007,1
52402,0
25895,1
46431,1
7685,1
53854,1
32186,0
45776,0
49043,1
12638,1
10038,0
23719,0
33479,1
35440,1
5454,1
3585,1
28628,0
28348,1
9678,1
26495,1
38988,1
14869,1
29987,0
6491,0
6218,1
15875,0
23799,1
17060,1
10726,1
26685,1
41431,0
27640,1
4103,0
22079,0
32497,0
33939,1
17754,0
48844,1
53506,1
15350,1
20988,0
13937,0
8833,1
168,0
43114,0
18009,0
51000,0
5119,1
17921,0
8125,1
54774,1
43388,1
3384,1
32567,0
45474,1
20577,1
48584,1
23091,0
27563,1
25423,0
19906,1
38527,1
17839,1
14467,0
24154,0
47892,1
8048,0
32166,0
45018,0
11657,1
33181,1
3116,0
50462,0
9918,0
27743,0
5481,0
28467,0
4435,1
15093,0
39560,0
47952,1
34067,1
25685,1
47885,0
52329,1
55324,1
34905,0
43117,0
12318,1
12656,1
42134,0
23332,1
41470,1
19533,0
32752,0
17502,0
11368,1
52123,0
832,0
14250,0
35990,0
9100,1
3928,0
10771,1
54370,1
14700,1
28953,0
1639,1
375,1
37378,1
42648,1
7472,1
31293,1
35339,0
44265,1
53201,1
49442,0
20292,1
4998,1
40146,1
4432,1
47431,1
10705,1
16385,0
8675,1
32236,0
25332,1
16719,0
270,1
1407,1
51195,1
21845,1
2202,0
28323,0
35976,1
48792,0
16863,1
44205,0
30308,0
8111,0
11586,0
30880,1
20610,0
14426,1
42186,1
46141,1
38167,0
25712,1
13049,1
55426,0
1804,1
28931,1
810,1
38311,1
14388,1
38908,0
35223,1
46791,0
140,0
24389,1
23737,0
3472,1
29789,1
8734,1
24712,1
31968,1
36273,1
3259,1
19067,1
7161,1
22917,1
32391,1
52932,0
24197,0
3494,1
7148,1
4929,0
23476,0
9260,0
6794,1
12738,0
47887,1
1898,1
3724,1
15820,1
23546,1
19583,0
21771,0
40471,1
41734,1
3919,1
26975,0
20269,0
40525,0
23277,1
31632,0
30134,0
15693,1
29404,1
10949,0
32545,1
2389,0
40777,0
52494,1
44493,1
26701,1
42886,1
3461,0
693,0
16972,0
21082,1
11212,0
40211,0
18308,1
22683,0
17294,1
29937,1
32470,0
9077,1
8524,0
820,0
7410,0
38280,0
26179,0
23127,0
46904,1
24911,1
34593,1
24612,1
3888,0
11423,1
27942,1
32522,0
50985,1
32439,1
44565,1
38011,0
15839,1
23243,1
4191,1
4268,0
14442,1
23359,0
23784,1
9149,0
51518,1
30807,0
6596,1
10157,1
42801,1
298,1
43410,1
32996,1
27238,0
39771,0
41607,1
25800,1
35154,0
33058,1
30060,1
14907,1
49796,0
8313,0
33977,1
51880,1
13624,1
9702,1
32177,0
46460,1
45131,1
6294,0
10004,1
3908,1
3917,1
20368,1
7540,0
15382,1
47305,1
36757,0
23914,0
31406,0
53881,1
18523,1
22775,0
20662,1
31500,0
31893,1
52144,1
41117,0
2009,0
18041,1
37529,1
16718,0
